--                                                 Alumnos: Victor Daniel Dueñas Martínez
--                                                          José Eduardo Ramos Baluja

-- phpMyAdmin SQL Dump
-- version 4.7.0
-- https://www.phpmyadmin.net/
--
-- Servidor: 127.0.0.1
-- Tiempo de generación: 19-12-2022 a las 20:44:34
-- Versión del servidor: 5.7.17
-- Versión de PHP: 5.6.30



/*!40101 SET @OLD_CHARACTER_SET_CLIENT=@@CHARACTER_SET_CLIENT */;
/*!40101 SET @OLD_CHARACTER_SET_RESULTS=@@CHARACTER_SET_RESULTS */;
/*!40101 SET @OLD_COLLATION_CONNECTION=@@COLLATION_CONNECTION */;
/*!40101 SET NAMES utf8mb4 */;

--
-- Base de datos: `cultivos`
--



-- --------------------------------------------------------

--
-- Volcado de datos para la tabla `bandejas`
--

INSERT INTO `bandejas` (`idband`, `torre`, `alturaband`, `idespecie`, `estadoband`,                         `fechaPlantado`, `fechaCosechado`) VALUES
					   ('001-01',       1,            1,     'CAN_1', 'requiriendo_Plantar (bandeja vacía)',           NULL,             NULL),
					   ('001-02',       1,            2,     'CAN_1', 'requiriendo_Plantar (bandeja vacía)',           NULL,             NULL),
					   ('001-03',       1,            3,     'CAN_1', 'requiriendo_Plantar (bandeja vacía)',           NULL,             NULL),
					   ('001-04',       1,            4,     'CAN_1', 'Plantando',                             '2022-11-03',             NULL),
					   ('001-05',       1,            5,     'CAN_1', 'Normal',                                '2022-11-03',             NULL),
					   ('002-01',       2,            1,     'ESP_1', 'requiriendo_QuitarHierbas',             '2022-10-24',             NULL),
					   ('002-02',       2,            2,     'ESP_1', 'requiriendo_QuitarHierbas',             '2022-10-24',             NULL),
					   ('002-03',       2,            3,     'ESP_1', 'requiriendo_QuitarHierbas',             '2022-10-24',             NULL),
					   ('002-04',       2,            4,     'ESP_1', 'QuitandoHierbas',                       '2022-10-24',             NULL),
					   ('002-05',       2,            5,     'ESP_1', 'Normal',                                '2022-10-24',             NULL),
					   ('003-01',       3,            1,     'ESP_2', 'requiriendo_MedirPorte',                '2022-10-17',             NULL),
					   ('003-02',       3,            2,     'ESP_2', 'requiriendo_MedirPorte',                '2022-10-17',             NULL),
					   ('003-03',       3,            3,     'ESP_2', 'requiriendo_MedirPorte',                '2022-10-17',             NULL),
					   ('003-04',       3,            4,     'ESP_2', 'MidiendoPorte',                         '2022-10-17',             NULL),
					   ('003-05',       3,            5,     'ESP_2', 'Normal',                                '2022-10-17',             NULL),
					   ('004-01',       4,            1,     'RAB_1', 'requiriendo_Cosechar',                  '2022-09-03',             NULL),
					   ('004-02',       4,            2,     'RAB_1', 'requiriendo_Cosechar',                  '2022-09-03',             NULL),
					   ('004-03',       4,            3,     'RAB_1', 'requiriendo_Cosechar',                  '2022-09-03',             NULL),
					   ('004-04',       4,            4,     'RAB_1', 'Cosechando',                            '2022-09-03',     '2022-11-03'),
					   ('004-05',       4,            5,     'RAB_1', 'Normal',                                '2022-09-03',     '2022-11-03'),
					   ('005-01',       5,            1,     'RAB_2', 'requiriendo_Vaciar',                    '2022-09-01',     '2022-11-01'),
					   ('005-02',       5,            2,     'RAB_2', 'requiriendo_Vaciar',                    '2022-09-01',     '2022-11-01'),
					   ('005-03',       5,            3,     'RAB_2', 'requiriendo_Vaciar',                    '2022-09-01',     '2022-11-01'),
					   ('005-04',       5,            4,     'RAB_2', 'Vaciando y limpiando',                  '2022-09-01',     '2022-11-01'),
					   ('005-05',       5,            5,     'RAB_2', 'Normal',                                '2022-09-01',     '2022-11-01'),
					   ('006-01',       6,            1,     'RAB_3', 'Normal',                                '2022-08-31',     '2022-10-31'),
					   ('006-02',       6,            2,     'RAB_3', 'Normal',                                '2022-08-31',     '2022-10-31'),
					   ('006-03',       6,            3,     'RAB_3', 'Normal',                                '2022-08-31',     '2022-10-31'),
					   ('006-04',       6,            4,     'RAB_3', 'Normal',                                '2022-08-31',     '2022-10-31'),
					   ('006-05',       6,            5,     'RAB_3', 'Normal',                                '2022-08-31',     '2022-10-31'),
					   ('007-01',       7,            1,     'RUC_1', 'requiriendo_Plantar (bandeja vacía)',           NULL,             NULL),
					   ('007-02',       7,            2,     'RUC_1', 'requiriendo_Plantar (bandeja vacía)',           NULL,             NULL),
					   ('007-03',       7,            3,     'RUC_1', 'requiriendo_Plantar (bandeja vacía)',           NULL,             NULL),
					   ('007-04',       7,            4,     'RUC_1', 'Pantando',                              '2022-11-03',             NULL),
					   ('007-05',       7,            5,     'RUC_1', 'Normal',                                '2022-11-03',             NULL),
					   ('008-01',       8,            1,     'RUC_2', 'requiriendo_Plantar (bandeja vacía)',           NULL,             NULL),
					   ('008-02',       8,            2,     'RUC_2', 'requiriendo_Plantar (bandeja vacía)',           NULL,             NULL),
					   ('008-03',       8,            3,     'RUC_2', 'requiriendo_Plantar (bandeja vacía)',           NULL,             NULL),
					   ('008-04',       8,            4,     'RUC_2', 'Pantando',                              '2022-11-03',             NULL),
					   ('008-05',       8,            5,     'RUC_2', 'Normal',                                '2022-11-03',             NULL);

-- --------------------------------------------------------

--
-- Volcado de datos para la tabla `especies`
--

INSERT INTO `especies` (`idespec`, `nombreespec`,                    `porteadulto`, `dias`, `humedad_ambiente`, `horas_luz_dia`, `intensidad_de_luz`,      `N`,      `P`,      `K`, `PH`,     `EC`, `litros_por_hora`) VALUES
					   (  'CAN_1', 'CANÓNIGO_(Valerianella locusta)',           26,     15,            '83.50',         '10.00',                  70, '200.00', '130.12', '110.00',    6,   '7.00',           '17.00'),
					   (  'ESP_1', ' ESPINACA_(Rizada)',                        45,     30,            '60.00',         '10.00',                  70, '512.00', '200.00', '300.00',    7, '119.56',           '17.25'),
					   (  'ESP_2', 'ESPINACA_(Lisa)',                           45,     20,            '60.00',         '11.00',                  72, '200.00', '300.00', '450.00',    6, '252.00',           '45.00'),
					   (  'RAB_1', 'RÁBANO_(Daikon o blanco)',                  25,     60,            '60.00',         '14.00',                  78, '200.00', '150.00', '300.00',    7, '110.00',           '15.00'),
					   (  'RAB_2', 'RÁBANO_(Negro)',                            28,     60,            '75.00',         '12.00',                  75, '510.00', '200.00', '300.00',    6, '145.00',           '24.00'),
					   (  'RAB_3', 'RÁBANO_(Pequeño)',                          30,     60,            '60.00',         '12.00',                  72, '200.00', '300.00', '500.00',    6, '250.00',           '23.00'),
					   (  'RUC_1', 'RÚCULA_(Eruca sativa)',                     45,     21,            '70.00',         '11.00',                  80, '512.00', '200.00', '300.00',    7, '120.45',           '20.00'),
					   (  'RUC_2', 'RÚCULA_(Diplotaxis tenuifolia)',            42,     23,            '75.00',         '11.50',                  85, '512.00', '200.00', '300.56',    7, '145.00',           '45.00');

-- --------------------------------------------------------

--
-- Volcado de datos para la tabla `operaciones`
--

INSERT INTO `operaciones`   (`idoperacion`, `DNIoper`,   `idband`, `tarea`,                     `fechaOperacion`, `estado_tarea`,              `Inicio`,  `tiempo_tarea`,               `Final`,  `costo_materiales`) VALUES
							(            1, '93582223J', '001-01', 'A) plantar',           '2022-11-03 01:20:00', 'Por_hacer',                     NULL,            NULL,                  NULL,              '0.15'),
							(            2, '93582223J', '001-02', 'A) plantar',           '2022-11-03 01:00:00', 'Por_hacer',                     NULL,            NULL,                  NULL,              '0.15'),
							(            3, '93582223J', '001-03', 'A) plantar',           '2022-11-03 00:40:00', 'Por_hacer',                     NULL,            NULL,                  NULL,              '0.15'),
							(            4, '93582223J', '001-04', 'A) plantar',           '2022-11-03 00:20:00', 'Haciendo',     '2022-11-03 00:20:00',            NULL,                  NULL,              '0.15'),
							(            5, '93582223J', '001-05', 'A) plantar',           '2022-11-03 00:00:00', 'Hecha',        '2022-11-03 00:00:00',              10, '2022-11-03 00:10:00',              '0.15'),
							(            6, '13520623J', '002-01', 'B) quitar_hierbas',    '2022-11-03 01:20:00', 'Por_hacer',                     NULL,            NULL,                  NULL,              '0.05'),
							(            7, '13520623J', '002-02', 'B) quitar_hierbas',    '2022-11-03 01:00:00', 'Por_hacer',                     NULL,            NULL,                  NULL,              '0.05'),
							(            8, '13520623J', '002-03', 'B) quitar_hierbas',    '2022-11-03 00:40:00', 'Por_hacer',                     NULL,            NULL,                  NULL,              '0.05'),
							(            9, '13520623J', '002-04', 'B) quitar_hierbas',    '2022-11-03 00:20:00', 'Haciendo',     '2022-11-03 00:20:00',            NULL,                  NULL,              '0.05'),
							(           10, '13520623J', '002-05', 'B) quitar_hierbas',    '2022-11-03 00:00:00', 'Hecha',        '2022-11-03 00:00:00',              12, '2022-11-03 00:12:00',              '0.05'),
							(           11, '13530623J', '003-01', 'C) medir_porte',       '2022-11-03 01:20:00', 'Por_hacer',                     NULL,            NULL,                  NULL,              '0.00'),
							(           12, '13530623J', '003-02', 'C) medir_porte',       '2022-11-03 01:00:00', 'Por_hacer',                     NULL,            NULL,                  NULL,              '0.00'),
							(           13, '13530623J', '003-03', 'C) medir_porte',       '2022-11-03 00:40:00', 'Por_hacer',                     NULL,            NULL,                  NULL,              '0.00'),
							(           14, '13530623J', '003-04', 'C) medir_porte',       '2022-11-03 00:20:00', 'Haciendo',     '2022-11-03 00:20:00',            NULL,                  NULL,              '0.00'),
							(           15, '13530623J', '003-05', 'C) medir_porte',       '2022-11-03 00:00:00', 'Hecha',        '2022-11-03 00:00:00',              11, '2022-11-03 00:11:00',              '0.00'),
							(           16, '23569782X', '004-01', 'D) cosechar',          '2022-11-03 01:20:00', 'Por_hacer',                     NULL,            NULL,                  NULL,              '0.05'),
							(           17, '23569782X', '004-02', 'D) cosechar',          '2022-11-03 01:00:00', 'Por_hacer',                     NULL,            NULL,                  NULL,              '0.05'),
							(           18, '23569782X', '004-03', 'D) cosechar',          '2022-11-03 00:40:00', 'Por_hacer',                     NULL,            NULL,                  NULL,              '0.05'),
							(           19, '23569782X', '004-04', 'D) cosechar',          '2022-11-03 00:20:00', 'Haciendo',     '2022-11-03 00:20:00',            NULL,                  NULL,              '0.05'),
							(           20, '13530623J', '004-05', 'D) cosechar',          '2022-11-03 00:00:00', 'Hecha',        '2022-11-03 00:00:00',              13, '2022-11-03 00:13:00',              '0.05'),
							(           21, '23569782X', '005-01', 'E) vaciar y limpiar',  '2022-11-03 01:20:00', 'Por_hacer',                     NULL,            NULL,                  NULL,              '0.10'),
							(           22, '23569782X', '005-02', 'E) vaciar y limpiar',  '2022-11-03 01:00:00', 'Por_hacer',                     NULL,            NULL,                  NULL,              '0.10'),
							(           23, '23569782X', '005-03', 'E) vaciar y limpiar',  '2022-11-03 00:40:00', 'Por_hacer',                     NULL,            NULL,                  NULL,              '0.10'), 
							(           24, '23569782X', '005-04', 'E) vaciar y limpiar',  '2022-11-03 00:20:00', 'Haciendo',     '2022-11-03 00:20:00',            NULL,                  NULL,              '0.10'), 
							(           25, '23569782X', '005-05', 'E) vaciar y limpiar',  '2022-11-03 00:00:00', 'Hecha',        '2022-11-03 00:00:00',              14, '2022-11-03 00:14:00',              '0.10'),
							(           26, '12345678A', '006-01', 'F) calibrar_sensores', '2022-11-03 01:20:00', 'Por_hacer',                     NULL,            NULL,                  NULL,              '0.20'),
							(           27, '12345678A', '006-02', 'F) calibrar_sensores', '2022-11-03 01:00:00', 'Por_hacer',                     NULL,            NULL,                  NULL,              '0.20'),
							(           28, '12345678A', '006-03', 'F) calibrar_sensores', '2022-11-03 00:40:00', 'Por_hacer',                     NULL,            NULL,                  NULL,              '0.20'),
							(           29, '12345678A', '006-04', 'F) calibrar_sensores', '2022-11-03 00:20:00', 'Haciendo',     '2022-11-03 00:20:00',            NULL,                  NULL,              '0.20'),
							(           30, '12345678A', '006-05', 'F) calibrar_sensores', '2022-11-03 00:00:00', 'Hecha',        '2022-11-03 00:00:00',               5, '2022-11-03 00:05:00',              '0.20'),
							(           31, '93557223J', '007-01', 'A) plantar',           '2022-11-03 01:20:00', 'Por_hacer',                     NULL,            NULL,                  NULL,              '0.15'),
							(           32, '93557223J', '007-02', 'A) plantar',           '2022-11-03 01:00:00', 'Por_hacer',                     NULL,            NULL,                  NULL,              '0.15'),
							(           33, '93557223J', '007-03', 'A) plantar',           '2022-11-03 00:40:00', 'Por_hacer',                     NULL,            NULL,                  NULL,              '0.15'),
							(           34, '93557223J', '007-04', 'A) plantar',           '2022-11-03 00:20:00', 'Haciendo',     '2022-11-03 00:20:00',            NULL,                  NULL,              '0.15'),
							(           35, '93557223J', '007-05', 'A) plantar',           '2022-11-03 00:00:00', 'Hecha',        '2022-11-03 00:00:00',               8, '2022-11-03 00:08:00',              '0.15'),
							(           36, '93558223J', '008-01', 'A) plantar',           '2022-11-03 01:20:00', 'Por_hacer',                     NULL,            NULL,                  NULL,              '0.15'),
							(           37, '93558223J', '008-02', 'A) plantar',           '2022-11-03 01:00:00', 'Por_hacer',                     NULL,            NULL,                  NULL,              '0.15'),
							(           38, '93558223J', '008-03', 'A) plantar',           '2022-11-03 00:40:00', 'Por_hacer',                     NULL,            NULL,                  NULL,              '0.15'),
							(           39, '93558223J', '008-04', 'A) plantar',           '2022-11-03 00:20:00', 'Haciendo',     '2022-11-03 00:20:00',            NULL,                  NULL,              '0.15'),
							(           40, '93558223J', '008-05', 'A) plantar',           '2022-11-03 00:00:00', 'Hecha',        '2022-11-03 00:00:00',               6, '2022-11-03 00:06:00',              '0.15'),
							(          101, '28569782X', '001-01', 'B) quitar_hierbas',    '2022-11-13 01:20:00', 'Por_hacer',                     NULL,            NULL,                  NULL,              '0.05'),
							(          102, '28569782X', '001-02', 'B) quitar_hierbas',    '2022-11-13 01:00:00', 'Por_hacer',                     NULL,            NULL,                  NULL,              '0.05'),
							(          103, '28569782X', '001-03', 'B) quitar_hierbas',    '2022-11-13 00:40:00', 'Por_hacer',                     NULL,            NULL,                  NULL,              '0.05'),
							(          104, '28569782X', '001-04', 'B) quitar_hierbas',    '2022-11-13 00:20:00', 'Por_hacer',                     NULL,            NULL,                  NULL,              '0.05'),
							(          105, '28569782X', '001-05', 'B) quitar_hierbas',    '2022-11-13 00:00:00', 'Por_hacer',                     NULL,            NULL,                  NULL,              '0.05'),
							(          106, '13530623J', '001-01', 'C) medir_porte',       '2022-11-15 01:20:00', 'Por_hacer',                     NULL,            NULL,                  NULL,              '0.00'),
							(          107, '13530623J', '001-02', 'C) medir_porte',       '2022-11-15 01:00:00', 'Por_hacer',                     NULL,            NULL,                  NULL,              '0.00'),
							(          108, '13530623J', '001-03', 'C) medir_porte',       '2022-11-15 00:40:00', 'Por_hacer',                     NULL,            NULL,                  NULL,              '0.00'),
							(          109, '13530623J', '001-04', 'C) medir_porte',       '2022-11-15 00:20:00', 'Por_hacer',                     NULL,            NULL,                  NULL,              '0.00'),
							(          110, '13530623J', '001-05', 'C) medir_porte',       '2022-11-15 00:00:00', 'Por_hacer',                     NULL,            NULL,                  NULL,              '0.00'),
							(          111, '93582223J', '001-01', 'D) cosechar',          '2022-11-18 01:20:00', 'Por_hacer',                     NULL,            NULL,                  NULL,              '0.05'),
							(          112, '93582223J', '001-02', 'D) cosechar',          '2022-11-18 01:00:00', 'Por_hacer',                     NULL,            NULL,                  NULL,              '0.05'),
							(          113, '93582223J', '001-03', 'D) cosechar',          '2022-11-18 00:40:00', 'Por_hacer',                     NULL,            NULL,                  NULL,              '0.05'),
							(          114, '93582223J', '001-04', 'D) cosechar',          '2022-11-18 00:20:00', 'Por_hacer',                     NULL,            NULL,                  NULL,              '0.05'),
							(          115, '93582223J', '001-05', 'D) cosechar',          '2022-11-18 00:00:00', 'Por_hacer',                     NULL,            NULL,                  NULL,              '0.05'),
							(          116, '93557223J', '001-01', 'E) vaciar y limpiar',  '2022-11-19 01:20:00', 'Por_hacer',                     NULL,            NULL,                  NULL,              '0.10'),
							(          117, '93557223J', '001-02', 'E) vaciar y limpiar',  '2022-11-19 01:00:00', 'Por_hacer',                     NULL,            NULL,                  NULL,              '0.10'),
							(          118, '93557223J', '001-03', 'E) vaciar y limpiar',  '2022-11-19 00:40:00', 'Por_hacer',                     NULL,            NULL,                  NULL,              '0.10'),
							(          119, '93557223J', '001-04', 'E) vaciar y limpiar',  '2022-11-19 00:20:00', 'Por_hacer',                     NULL,            NULL,                  NULL,              '0.10'),
							(          120, '93557223J', '001-05', 'E) vaciar y limpiar',  '2022-11-19 00:00:00', 'Por_hacer',                     NULL,            NULL,                  NULL,              '0.10'),
							(          121, '12345678A', '001-01', 'F) calibrar_sensores', '2022-11-20 01:20:00', 'Por_hacer',                     NULL,            NULL,                  NULL,              '0.20'),
							(          122, '12345678A', '001-02', 'F) calibrar_sensores', '2022-11-20 01:00:00', 'Por_hacer',                     NULL,            NULL,                  NULL,              '0.20'),
							(          123, '12345678A', '001-03', 'F) calibrar_sensores', '2022-11-20 00:40:00', 'Por_hacer',                     NULL,            NULL,                  NULL,              '0.20'),
							(          124, '12345678A', '001-04', 'F) calibrar_sensores', '2022-11-20 00:20:00', 'Por_hacer',                     NULL,            NULL,                  NULL,              '0.20'),
							(          125, '12345678A', '001-05', 'F) calibrar_sensores', '2022-11-20 00:00:00', 'Por_hacer',                     NULL,            NULL,                  NULL,              '0.20'),
							(          201, '13530623J', '002-01', 'C) medir_porte',       '2022-11-13 01:20:00', 'Por_hacer',                     NULL,            NULL,                  NULL,              '0.00'),
							(          202, '13530623J', '002-02', 'C) medir_porte',       '2022-11-13 01:00:00', 'Por_hacer',                     NULL,            NULL,                  NULL,              '0.00'),
							(          203, '13530623J', '002-03', 'C) medir_porte',       '2022-11-13 00:40:00', 'Por_hacer',                     NULL,            NULL,                  NULL,              '0.00'),
							(          204, '13530623J', '002-04', 'C) medir_porte',       '2022-11-13 00:20:00', 'Por_hacer',                     NULL,            NULL,                  NULL,              '0.00'),
							(          205, '13530623J', '002-05', 'C) medir_porte',       '2022-11-13 00:00:00', 'Por_hacer',                     NULL,            NULL,                  NULL,              '0.00'),
							(          206, '28569782X', '002-01', 'D) cosechar',          '2022-11-24 01:20:00', 'Por_hacer',                     NULL,            NULL,                  NULL,              '0.05'),
							(          207, '28569782X', '002-02', 'D) cosechar',          '2022-11-24 01:00:00', 'Por_hacer',                     NULL,            NULL,                  NULL,              '0.05'),
							(          208, '28569782X', '002-03', 'D) cosechar',          '2022-11-24 00:40:00', 'Por_hacer',                     NULL,            NULL,                  NULL,              '0.05'),
							(          209, '28569782X', '002-04', 'D) cosechar',          '2022-11-24 00:20:00', 'Por_hacer',                     NULL,            NULL,                  NULL,              '0.05'),
							(          210, '28569782X', '002-05', 'D) cosechar',          '2022-11-24 00:00:00', 'Por_hacer',                     NULL,            NULL,                  NULL,              '0.05'),
							(          211, '93582223J', '002-01', 'E) vaciar y limpiar',  '2022-11-25 01:20:00', 'Por_hacer',                     NULL,            NULL,                  NULL,              '0.10'),
							(          212, '93582223J', '002-02', 'E) vaciar y limpiar',  '2022-11-25 01:00:00', 'Por_hacer',                     NULL,            NULL,                  NULL,              '0.10'),
							(          213, '93582223J', '002-03', 'E) vaciar y limpiar',  '2022-11-25 00:40:00', 'Por_hacer',                     NULL,            NULL,                  NULL,              '0.10'),
							(          214, '93582223J', '002-04', 'E) vaciar y limpiar',  '2022-11-25 00:20:00', 'Por_hacer',                     NULL,            NULL,                  NULL,              '0.10'),
							(          215, '93582223J', '002-05', 'E) vaciar y limpiar',  '2022-11-25 00:00:00', 'Por_hacer',                     NULL,            NULL,                  NULL,              '0.10'),
							(          216, '12345678A', '002-01', 'F) calibrar_sensores', '2022-11-26 01:20:00', 'Por_hacer',                     NULL,            NULL,                  NULL,              '0.20'),
							(          217, '12345678A', '002-02', 'F) calibrar_sensores', '2022-11-26 01:00:00', 'Por_hacer',                     NULL,            NULL,                  NULL,              '0.20'),
							(          218, '12345678A', '002-03', 'F) calibrar_sensores', '2022-11-26 00:40:00', 'Por_hacer',                     NULL,            NULL,                  NULL,              '0.20'),
							(          219, '12345678A', '002-04', 'F) calibrar_sensores', '2022-11-26 00:20:00', 'Por_hacer',                     NULL,            NULL,                  NULL,              '0.20'),
							(          220, '12345678A', '002-05', 'F) calibrar_sensores', '2022-11-26 00:00:00', 'Por_hacer',                     NULL,            NULL,                  NULL,              '0.20'),
							(          221, '93557223J', '002-01', 'A) plantar',           '2022-11-27 01:20:00', 'Por_hacer',                     NULL,            NULL,                  NULL,              '0.15'),
							(          222, '93557223J', '002-02', 'A) plantar',           '2022-11-27 01:00:00', 'Por_hacer',                     NULL,            NULL,                  NULL,              '0.15'),
							(          223, '93557223J', '002-03', 'A) plantar',           '2022-11-27 00:40:00', 'Por_hacer',                     NULL,            NULL,                  NULL,              '0.15'),
							(          224, '93557223J', '002-04', 'A) plantar',           '2022-11-27 00:20:00', 'Por_hacer',                     NULL,            NULL,                  NULL,              '0.15'),
							(          225, '93557223J', '002-05', 'A) plantar',           '2022-11-27 00:00:00', 'Por_hacer',                     NULL,            NULL,                  NULL,              '0.15'),
							(          301, '28569782X', '003-01', 'D) cosechar',          '2022-11-05 01:20:00', 'Por_hacer',                     NULL,            NULL,                  NULL,              '0.05'),
							(          302, '28569782X', '003-02', 'D) cosechar',          '2022-11-05 01:00:00', 'Por_hacer',                     NULL,            NULL,                  NULL,              '0.05'),
							(          303, '28569782X', '003-03', 'D) cosechar',          '2022-11-05 00:40:00', 'Por_hacer',                     NULL,            NULL,                  NULL,              '0.05'),
							(          304, '28569782X', '003-04', 'D) cosechar',          '2022-11-05 00:20:00', 'Por_hacer',                     NULL,            NULL,                  NULL,              '0.05'),
							(          305, '28569782X', '003-05', 'D) cosechar',          '2022-11-05 00:00:00', 'Por_hacer',                     NULL,            NULL,                  NULL,              '0.05'),
							(          306, '93582223J', '003-01', 'E) vaciar y limpiar',  '2022-11-06 01:20:00', 'Por_hacer',                     NULL,            NULL,                  NULL,              '0.10'),
							(          307, '93582223J', '003-02', 'E) vaciar y limpiar',  '2022-11-06 01:00:00', 'Por_hacer',                     NULL,            NULL,                  NULL,              '0.10'),
							(          308, '93582223J', '003-03', 'E) vaciar y limpiar',  '2022-11-06 00:40:00', 'Por_hacer',                     NULL,            NULL,                  NULL,              '0.10'),
							(          309, '93582223J', '003-04', 'E) vaciar y limpiar',  '2022-11-06 00:20:00', 'Por_hacer',                     NULL,            NULL,                  NULL,              '0.10'),
							(          310, '93582223J', '003-05', 'E) vaciar y limpiar',  '2022-11-06 00:00:00', 'Por_hacer',                     NULL,            NULL,                  NULL,              '0.10'),
							(          311, '12345678A', '003-01', 'F) calibrar_sensores', '2022-11-07 01:20:00', 'Por_hacer',                     NULL,            NULL,                  NULL,              '0.20'),
							(          312, '12345678A', '003-02', 'F) calibrar_sensores', '2022-11-07 01:00:00', 'Por_hacer',                     NULL,            NULL,                  NULL,              '0.20'),
							(          313, '12345678A', '003-03', 'F) calibrar_sensores', '2022-11-07 00:40:00', 'Por_hacer',                     NULL,            NULL,                  NULL,              '0.20'),
							(          314, '12345678A', '003-04', 'F) calibrar_sensores', '2022-11-07 00:20:00', 'Por_hacer',                     NULL,            NULL,                  NULL,              '0.20'),
							(          315, '12345678A', '003-05', 'F) calibrar_sensores', '2022-11-07 00:00:00', 'Por_hacer',                     NULL,            NULL,                  NULL,              '0.20'),
							(          316, '93557223J', '003-01', 'A) plantar',           '2022-11-08 01:20:00', 'Por_hacer',                     NULL,            NULL,                  NULL,              '0.15'),
							(          317, '93557223J', '003-02', 'A) plantar',           '2022-11-08 01:00:00', 'Por_hacer',                     NULL,            NULL,                  NULL,              '0.15'),
							(          318, '93557223J', '003-03', 'A) plantar',           '2022-11-08 00:40:00', 'Por_hacer',                     NULL,            NULL,                  NULL,              '0.15'),
							(          319, '93557223J', '003-04', 'A) plantar',           '2022-11-08 00:20:00', 'Por_hacer',                     NULL,            NULL,                  NULL,              '0.15'),
							(          320, '93557223J', '003-05', 'A) plantar',           '2022-11-08 00:00:00', 'Por_hacer',                     NULL,            NULL,                  NULL,              '0.15'),
							(          321, '13530623J', '003-01', 'B) quitar_hierbas',    '2022-11-18 01:20:00', 'Por_hacer',                     NULL,            NULL,                  NULL,              '0.05'),
							(          322, '13530623J', '003-02', 'B) quitar_hierbas',    '2022-11-18 01:00:00', 'Por_hacer',                     NULL,            NULL,                  NULL,              '0.05'),
							(          323, '13530623J', '003-03', 'B) quitar_hierbas',    '2022-11-18 00:40:00', 'Por_hacer',                     NULL,            NULL,                  NULL,              '0.05'),
							(          324, '13530623J', '003-04', 'B) quitar_hierbas',    '2022-11-18 00:20:00', 'Por_hacer',                     NULL,            NULL,                  NULL,              '0.05'),
							(          325, '13530623J', '003-05', 'B) quitar_hierbas',    '2022-11-18 00:00:00', 'Por_hacer',                     NULL,            NULL,                  NULL,              '0.05'),
							(          401, '93582223J', '004-01', 'E) vaciar y limpiar',  '2022-11-04 01:20:00', 'Por_hacer',                     NULL,            NULL,                  NULL,              '0.10'),
							(          402, '93582223J', '004-02', 'E) vaciar y limpiar',  '2022-11-04 01:00:00', 'Por_hacer',                     NULL,            NULL,                  NULL,              '0.10'),
							(          403, '93582223J', '004-03', 'E) vaciar y limpiar',  '2022-11-04 00:40:00', 'Por_hacer',                     NULL,            NULL,                  NULL,              '0.10'),
							(          404, '93582223J', '004-04', 'E) vaciar y limpiar',  '2022-11-04 00:20:00', 'Por_hacer',                     NULL,            NULL,                  NULL,              '0.10'),
							(          405, '93582223J', '004-05', 'E) vaciar y limpiar',  '2022-11-04 00:00:00', 'Por_hacer',                     NULL,            NULL,                  NULL,              '0.10'),
							(          406, '12345678A', '004-01', 'F) calibrar_sensores', '2022-11-05 01:20:00', 'Por_hacer',                     NULL,            NULL,                  NULL,              '0.20'),
							(          407, '12345678A', '004-02', 'F) calibrar_sensores', '2022-11-05 01:00:00', 'Por_hacer',                     NULL,            NULL,                  NULL,              '0.20'),
							(          408, '12345678A', '004-03', 'F) calibrar_sensores', '2022-11-05 00:40:00', 'Por_hacer',                     NULL,            NULL,                  NULL,              '0.20'),
							(          409, '12345678A', '004-04', 'F) calibrar_sensores', '2022-11-05 00:20:00', 'Por_hacer',                     NULL,            NULL,                  NULL,              '0.20'),
							(          410, '12345678A', '004-05', 'F) calibrar_sensores', '2022-11-05 00:00:00', 'Por_hacer',                     NULL,            NULL,                  NULL,              '0.20'),
							(          411, '93557223J', '004-01', 'A) plantar',           '2022-11-06 01:20:00', 'Por_hacer',                     NULL,            NULL,                  NULL,              '0.15'),
							(          412, '93557223J', '004-02', 'A) plantar',           '2022-11-06 01:00:00', 'Por_hacer',                     NULL,            NULL,                  NULL,              '0.15'),
							(          413, '93557223J', '004-03', 'A) plantar',           '2022-11-06 00:40:00', 'Por_hacer',                     NULL,            NULL,                  NULL,              '0.15'),
							(          414, '93557223J', '004-04', 'A) plantar',           '2022-11-06 00:20:00', 'Por_hacer',                     NULL,            NULL,                  NULL,              '0.15'),
							(          415, '93557223J', '004-05', 'A) plantar',           '2022-11-06 00:00:00', 'Por_hacer',                     NULL,            NULL,                  NULL,              '0.15'),
							(          416, '13530623J', '004-01', 'B) quitar_hierbas',    '2022-12-16 01:20:00', 'Por_hacer',                     NULL,            NULL,                  NULL,              '0.05'),
							(          417, '13530623J', '004-02', 'B) quitar_hierbas',    '2022-12-16 01:00:00', 'Por_hacer',                     NULL,            NULL,                  NULL,              '0.05'),
							(          418, '13530623J', '004-03', 'B) quitar_hierbas',    '2022-12-16 00:40:00', 'Por_hacer',                     NULL,            NULL,                  NULL,              '0.05'),
							(          419, '13530623J', '004-04', 'B) quitar_hierbas',    '2022-12-16 00:20:00', 'Por_hacer',                     NULL,            NULL,                  NULL,              '0.05'),
							(          420, '13530623J', '004-05', 'B) quitar_hierbas',    '2022-12-16 00:00:00', 'Por_hacer',                     NULL,            NULL,                  NULL,              '0.05'),
							(          421, '13530623J', '004-01', 'C) medir_porte',       '2023-01-26 01:20:00', 'Por_hacer',                     NULL,            NULL,                  NULL,              '0.00'),
							(          422, '13530623J', '004-02', 'C) medir_porte',       '2023-01-26 01:00:00', 'Por_hacer',                     NULL,            NULL,                  NULL,              '0.00'),
							(          423, '13530623J', '004-03', 'C) medir_porte',       '2023-01-26 00:40:00', 'Por_hacer',                     NULL,            NULL,                  NULL,              '0.00'),
							(          424, '13530623J', '004-04', 'C) medir_porte',       '2023-01-26 00:20:00', 'Por_hacer',                     NULL,            NULL,                  NULL,              '0.00'),
							(          425, '13530623J', '004-05', 'C) medir_porte',       '2023-01-26 00:00:00', 'Por_hacer',                     NULL,            NULL,                  NULL,              '0.00'),
							(          501, '12345678A', '005-01', 'F) calibrar_sensores', '2022-11-04 01:20:00', 'Por_hacer',                     NULL,            NULL,                  NULL,              '0.20'),
							(          502, '12345678A', '005-02', 'F) calibrar_sensores', '2022-11-04 01:00:00', 'Por_hacer',                     NULL,            NULL,                  NULL,              '0.20'),
							(          503, '12345678A', '005-03', 'F) calibrar_sensores', '2022-11-04 00:40:00', 'Por_hacer',                     NULL,            NULL,                  NULL,              '0.20'),
							(          504, '12345678A', '005-04', 'F) calibrar_sensores', '2022-11-04 00:20:00', 'Por_hacer',                     NULL,            NULL,                  NULL,              '0.20'),
							(          505, '12345678A', '005-05', 'F) calibrar_sensores', '2022-11-04 00:00:00', 'Por_hacer',                     NULL,            NULL,                  NULL,              '0.20'),
							(          506, '93557223J', '005-01', 'A) plantar',           '2022-11-05 01:20:00', 'Por_hacer',                     NULL,            NULL,                  NULL,              '0.15'),
							(          507, '93557223J', '005-02', 'A) plantar',           '2022-11-05 01:00:00', 'Por_hacer',                     NULL,            NULL,                  NULL,              '0.15'),
							(          508, '93557223J', '005-03', 'A) plantar',           '2022-11-05 00:40:00', 'Por_hacer',                     NULL,            NULL,                  NULL,              '0.15'),
							(          509, '93557223J', '005-04', 'A) plantar',           '2022-11-05 00:20:00', 'Por_hacer',                     NULL,            NULL,                  NULL,              '0.15'),
							(          510, '93557223J', '005-05', 'A) plantar',           '2022-11-05 00:00:00', 'Por_hacer',                     NULL,            NULL,                  NULL,              '0.15'),
							(          511, '13530623J', '005-01', 'B) quitar_hierbas',    '2022-12-15 01:20:00', 'Por_hacer',                     NULL,            NULL,                  NULL,              '0.05'),
							(          512, '13530623J', '005-02', 'B) quitar_hierbas',    '2022-12-15 01:00:00', 'Por_hacer',                     NULL,            NULL,                  NULL,              '0.05'),
							(          513, '13530623J', '005-03', 'B) quitar_hierbas',    '2022-12-15 00:40:00', 'Por_hacer',                     NULL,            NULL,                  NULL,              '0.05'),
							(          514, '13530623J', '005-04', 'B) quitar_hierbas',    '2022-12-15 00:20:00', 'Por_hacer',                     NULL,            NULL,                  NULL,              '0.05'),
							(          515, '13530623J', '005-05', 'B) quitar_hierbas',    '2022-12-15 00:00:00', 'Por_hacer',                     NULL,            NULL,                  NULL,              '0.05'),
							(          516, '13530623J', '005-01', 'C) medir_porte',       '2022-12-25 01:20:00', 'Por_hacer',                     NULL,            NULL,                  NULL,              '0.00'),
							(          517, '13530623J', '005-02', 'C) medir_porte',       '2022-12-25 01:00:00', 'Por_hacer',                     NULL,            NULL,                  NULL,              '0.00'),
							(          518, '13530623J', '005-03', 'C) medir_porte',       '2022-12-25 00:40:00', 'Por_hacer',                     NULL,            NULL,                  NULL,              '0.00'),
							(          519, '13530623J', '005-04', 'C) medir_porte',       '2022-12-25 00:20:00', 'Por_hacer',                     NULL,            NULL,                  NULL,              '0.00'),
							(          520, '13530623J', '005-05', 'C) medir_porte',       '2022-12-25 00:00:00', 'Por_hacer',                     NULL,            NULL,                  NULL,              '0.00'),
							(          521, '28569782X', '005-01', 'D) cosechar',          '2023-01-05 01:20:00', 'Por_hacer',                     NULL,            NULL,                  NULL,              '0.05'),
							(          522, '28569782X', '005-02', 'D) cosechar',          '2023-01-05 01:00:00', 'Por_hacer',                     NULL,            NULL,                  NULL,              '0.05'),
							(          523, '28569782X', '005-03', 'D) cosechar',          '2023-01-05 00:40:00', 'Por_hacer',                     NULL,            NULL,                  NULL,              '0.05'),
							(          524, '28569782X', '005-04', 'D) cosechar',          '2023-01-05 00:20:00', 'Por_hacer',                     NULL,            NULL,                  NULL,              '0.05'),
							(          525, '28569782X', '005-05', 'D) cosechar',          '2023-01-05 00:00:00', 'Por_hacer',                     NULL,            NULL,                  NULL,              '0.05'),
							(          601, '93557223J', '006-01', 'A) plantar',           '2022-11-04 01:20:00', 'Por_hacer',                     NULL,            NULL,                  NULL,              '0.15'),
							(          602, '93557223J', '006-02', 'A) plantar',           '2022-11-04 01:00:00', 'Por_hacer',                     NULL,            NULL,                  NULL,              '0.15'),
							(          603, '93557223J', '006-03', 'A) plantar',           '2022-11-04 00:40:00', 'Por_hacer',                     NULL,            NULL,                  NULL,              '0.15'),
							(          604, '93557223J', '006-04', 'A) plantar',           '2022-11-04 00:20:00', 'Por_hacer',                     NULL,            NULL,                  NULL,              '0.15'),
							(          605, '93557223J', '006-05', 'A) plantar',           '2022-11-04 00:00:00', 'Por_hacer',                     NULL,            NULL,                  NULL,              '0.15'),
							(          606, '13530623J', '006-01', 'B) quitar_hierbas',    '2022-12-14 01:20:00', 'Por_hacer',                     NULL,            NULL,                  NULL,              '0.05'),
							(          607, '13530623J', '006-02', 'B) quitar_hierbas',    '2022-12-14 01:00:00', 'Por_hacer',                     NULL,            NULL,                  NULL,              '0.05'),
							(          608, '13530623J', '006-03', 'B) quitar_hierbas',    '2022-12-14 00:40:00', 'Por_hacer',                     NULL,            NULL,                  NULL,              '0.05'),
							(          609, '13530623J', '006-04', 'B) quitar_hierbas',    '2022-12-14 00:20:00', 'Por_hacer',                     NULL,            NULL,                  NULL,              '0.05'),
							(          610, '13530623J', '006-05', 'B) quitar_hierbas',    '2022-12-14 00:00:00', 'Por_hacer',                     NULL,            NULL,                  NULL,              '0.05'),
							(          611, '13530623J', '006-01', 'C) medir_porte',       '2022-12-24 01:20:00', 'Por_hacer',                     NULL,            NULL,                  NULL,              '0.00'),
							(          612, '13530623J', '006-02', 'C) medir_porte',       '2022-12-24 01:00:00', 'Por_hacer',                     NULL,            NULL,                  NULL,              '0.00'),
							(          613, '13530623J', '006-03', 'C) medir_porte',       '2022-12-24 00:40:00', 'Por_hacer',                     NULL,            NULL,                  NULL,              '0.00'),
							(          614, '13530623J', '006-04', 'C) medir_porte',       '2022-12-24 00:20:00', 'Por_hacer',                     NULL,            NULL,                  NULL,              '0.00'),
							(          615, '13530623J', '006-05', 'C) medir_porte',       '2022-12-24 00:00:00', 'Por_hacer',                     NULL,            NULL,                  NULL,              '0.00'),
							(          616, '28569782X', '006-01', 'D) cosechar',          '2023-01-04 01:20:00', 'Por_hacer',                     NULL,            NULL,                  NULL,              '0.05'),
							(          617, '28569782X', '006-02', 'D) cosechar',          '2023-01-04 01:00:00', 'Por_hacer',                     NULL,            NULL,                  NULL,              '0.05'),
							(          618, '28569782X', '006-03', 'D) cosechar',          '2023-01-04 00:40:00', 'Por_hacer',                     NULL,            NULL,                  NULL,              '0.05'),
							(          619, '28569782X', '006-04', 'D) cosechar',          '2023-01-04 00:20:00', 'Por_hacer',                     NULL,            NULL,                  NULL,              '0.05'),
							(          620, '28569782X', '006-05', 'D) cosechar',          '2023-01-04 00:00:00', 'Por_hacer',                     NULL,            NULL,                  NULL,              '0.05'),
							(          621, '93582223J', '006-01', 'E) vaciar y limpiar',  '2023-01-05 01:20:00', 'Por_hacer',                     NULL,            NULL,                  NULL,              '0.10'),
							(          622, '93582223J', '006-02', 'E) vaciar y limpiar',  '2023-01-05 01:00:00', 'Por_hacer',                     NULL,            NULL,                  NULL,              '0.10'),
							(          623, '93582223J', '006-03', 'E) vaciar y limpiar',  '2023-01-05 00:40:00', 'Por_hacer',                     NULL,            NULL,                  NULL,              '0.10'),
							(          624, '93582223J', '006-04', 'E) vaciar y limpiar',  '2023-01-05 00:20:00', 'Por_hacer',                     NULL,            NULL,                  NULL,              '0.10'),
							(          625, '93582223J', '006-05', 'E) vaciar y limpiar',  '2023-01-05 00:00:00', 'Por_hacer',                     NULL,            NULL,                  NULL,              '0.10'),
							(          701, '13530623J', '007-01', 'B) quitar_hierbas',    '2022-11-13 01:20:00', 'Por_hacer',                     NULL,            NULL,                  NULL,              '0.05'),
							(          702, '13530623J', '007-02', 'B) quitar_hierbas',    '2022-11-13 01:00:00', 'Por_hacer',                     NULL,            NULL,                  NULL,              '0.05'),
							(          703, '13530623J', '007-03', 'B) quitar_hierbas',    '2022-11-13 00:40:00', 'Por_hacer',                     NULL,            NULL,                  NULL,              '0.05'),
							(          704, '13530623J', '007-04', 'B) quitar_hierbas',    '2022-11-13 00:20:00', 'Por_hacer',                     NULL,            NULL,                  NULL,              '0.05'),
							(          705, '13530623J', '007-05', 'B) quitar_hierbas',    '2022-11-13 00:00:00', 'Por_hacer',                     NULL,            NULL,                  NULL,              '0.05'),
							(          706, '13530623J', '007-01', 'C) medir_porte',       '2022-11-20 01:20:00', 'Por_hacer',                     NULL,            NULL,                  NULL,              '0.00'),
							(          707, '13530623J', '007-02', 'C) medir_porte',       '2022-11-20 01:00:00', 'Por_hacer',                     NULL,            NULL,                  NULL,              '0.00'),
							(          708, '13530623J', '007-03', 'C) medir_porte',       '2022-11-20 00:40:00', 'Por_hacer',                     NULL,            NULL,                  NULL,              '0.00'),
							(          709, '13530623J', '007-04', 'C) medir_porte',       '2022-11-20 00:20:00', 'Por_hacer',                     NULL,            NULL,                  NULL,              '0.00'),
							(          710, '13530623J', '007-05', 'C) medir_porte',       '2022-11-20 00:00:00', 'Por_hacer',                     NULL,            NULL,                  NULL,              '0.00'),
							(          711, '28569782X', '007-01', 'D) cosechar',          '2022-11-24 01:20:00', 'Por_hacer',                     NULL,            NULL,                  NULL,              '0.05'),
							(          712, '28569782X', '007-02', 'D) cosechar',          '2022-11-24 01:00:00', 'Por_hacer',                     NULL,            NULL,                  NULL,              '0.05'),
							(          713, '28569782X', '007-03', 'D) cosechar',          '2022-11-24 00:40:00', 'Por_hacer',                     NULL,            NULL,                  NULL,              '0.05'),
							(          714, '28569782X', '007-04', 'D) cosechar',          '2022-11-24 00:20:00', 'Por_hacer',                     NULL,            NULL,                  NULL,              '0.05'),
							(          715, '28569782X', '007-05', 'D) cosechar',          '2022-11-24 00:00:00', 'Por_hacer',                     NULL,            NULL,                  NULL,              '0.05'),
							(          716, '93582223J', '007-01', 'E) vaciar y limpiar',  '2022-11-25 01:20:00', 'Por_hacer',                     NULL,            NULL,                  NULL,              '0.10'),
							(          717, '93582223J', '007-02', 'E) vaciar y limpiar',  '2022-11-25 01:00:00', 'Por_hacer',                     NULL,            NULL,                  NULL,              '0.10'),
							(          718, '93582223J', '007-03', 'E) vaciar y limpiar',  '2022-11-25 00:40:00', 'Por_hacer',                     NULL,            NULL,                  NULL,              '0.10'),
							(          719, '93582223J', '007-04', 'E) vaciar y limpiar',  '2022-11-25 00:20:00', 'Por_hacer',                     NULL,            NULL,                  NULL,              '0.10'),
							(          720, '93582223J', '007-05', 'E) vaciar y limpiar',  '2022-11-25 00:00:00', 'Por_hacer',                     NULL,            NULL,                  NULL,              '0.10'),
							(          721, '12345678A', '007-01', 'F) calibrar_sensores', '2022-11-26 01:20:00', 'Por_hacer',                     NULL,            NULL,                  NULL,              '0.20'),
							(          722, '12345678A', '007-02', 'F) calibrar_sensores', '2022-11-26 01:00:00', 'Por_hacer',                     NULL,            NULL,                  NULL,              '0.20'),
							(          723, '12345678A', '007-03', 'F) calibrar_sensores', '2022-11-26 00:40:00', 'Por_hacer',                     NULL,            NULL,                  NULL,              '0.20'),
							(          724, '12345678A', '007-04', 'F) calibrar_sensores', '2022-11-26 00:20:00', 'Por_hacer',                     NULL,            NULL,                  NULL,              '0.20'),
							(          725, '12345678A', '007-05', 'F) calibrar_sensores', '2022-11-26 00:00:00', 'Por_hacer',                     NULL,            NULL,                  NULL,              '0.20'),
							(          801, '13530623J', '008-01', 'B) quitar_hierbas',    '2022-11-13 01:20:00', 'Por_hacer',                     NULL,            NULL,                  NULL,              '0.05'),
							(          802, '13530623J', '008-02', 'B) quitar_hierbas',    '2022-11-13 01:00:00', 'Por_hacer',                     NULL,            NULL,                  NULL,              '0.05'),
							(          803, '13530623J', '008-03', 'B) quitar_hierbas',    '2022-11-13 00:40:00', 'Por_hacer',                     NULL,            NULL,                  NULL,              '0.05'),
							(          804, '13530623J', '008-04', 'B) quitar_hierbas',    '2022-11-13 00:20:00', 'Por_hacer',                     NULL,            NULL,                  NULL,              '0.05'),
							(          805, '13530623J', '008-05', 'B) quitar_hierbas',    '2022-11-13 00:00:00', 'Por_hacer',                     NULL,            NULL,                  NULL,              '0.05'),
							(          806, '13530623J', '008-01', 'C) medir_porte',       '2022-11-20 01:20:00', 'Por_hacer',                     NULL,            NULL,                  NULL,              '0.00'),
							(          807, '13530623J', '008-02', 'C) medir_porte',       '2022-11-20 01:00:00', 'Por_hacer',                     NULL,            NULL,                  NULL,              '0.00'),
							(          808, '13530623J', '008-03', 'C) medir_porte',       '2022-11-20 00:40:00', 'Por_hacer',                     NULL,            NULL,                  NULL,              '0.00'),
							(          809, '13530623J', '008-04', 'C) medir_porte',       '2022-11-20 00:20:00', 'Por_hacer',                     NULL,            NULL,                  NULL,              '0.00'),
							(          810, '13530623J', '008-05', 'C) medir_porte',       '2022-11-20 00:00:00', 'Por_hacer',                     NULL,            NULL,                  NULL,              '0.00'),
							(          811, '28569782X', '008-01', 'D) cosechar',          '2022-11-26 01:20:00', 'Por_hacer',                     NULL,            NULL,                  NULL,              '0.05'),
							(          812, '28569782X', '008-02', 'D) cosechar',          '2022-11-26 01:00:00', 'Por_hacer',                     NULL,            NULL,                  NULL,              '0.05'),
							(          813, '28569782X', '008-03', 'D) cosechar',          '2022-11-26 00:40:00', 'Por_hacer',                     NULL,            NULL,                  NULL,              '0.05'),
							(          814, '28569782X', '008-04', 'D) cosechar',          '2022-11-26 00:20:00', 'Por_hacer',                     NULL,            NULL,                  NULL,              '0.05'),
							(          815, '28569782X', '008-05', 'D) cosechar',          '2022-11-26 00:00:00', 'Por_hacer',                     NULL,            NULL,                  NULL,              '0.05'),
							(          816, '93582223J', '008-01', 'E) vaciar y limpiar',  '2022-11-27 01:20:00', 'Por_hacer',                     NULL,            NULL,                  NULL,              '0.10'),
							(          817, '93582223J', '008-02', 'E) vaciar y limpiar',  '2022-11-27 01:00:00', 'Por_hacer',                     NULL,            NULL,                  NULL,              '0.10'),
							(          818, '93582223J', '008-03', 'E) vaciar y limpiar',  '2022-11-27 00:40:00', 'Por_hacer',                     NULL,            NULL,                  NULL,              '0.10'),
							(          819, '93582223J', '008-04', 'E) vaciar y limpiar',  '2022-11-27 00:20:00', 'Por_hacer',                     NULL,            NULL,                  NULL,              '0.10'),
							(          820, '93582223J', '008-05', 'E) vaciar y limpiar',  '2022-11-27 00:00:00', 'Por_hacer',                     NULL,            NULL,                  NULL,              '0.10'),
							(          821, '12345678A', '008-01', 'F) calibrar_sensores', '2022-11-28 01:20:00', 'Por_hacer',                     NULL,            NULL,                  NULL,              '0.20'),
							(          822, '12345678A', '008-02', 'F) calibrar_sensores', '2022-11-28 01:00:00', 'Por_hacer',                     NULL,            NULL,                  NULL,              '0.20'),
							(          823, '12345678A', '008-03', 'F) calibrar_sensores', '2022-11-28 00:40:00', 'Por_hacer',                     NULL,            NULL,                  NULL,              '0.20'),
							(          824, '12345678A', '008-04', 'F) calibrar_sensores', '2022-11-28 00:20:00', 'Por_hacer',                     NULL,            NULL,                  NULL,              '0.20'),
							(          825, '12345678A', '008-05', 'F) calibrar_sensores', '2022-11-28 00:00:00', 'Por_hacer',                     NULL,            NULL,                  NULL,              '0.20');


-- --------------------------------------------------------

--
-- Volcado de datos para la tabla `operarios`
--

INSERT INTO `operarios` (`DNIoper`,   `cargooper`,           `nombreoper`,             `telefoper`,   `diroper`,                     `localidadoper`, `provinciaoper`) VALUES
						('12345678A', 'técnico de sensores', 'Antonio Ferreras López', '682 235 689', 'Ojo del Halcón 7, 8º A',      'Grijota',            'Palencia'),
						('13520623J', 'peón',                'Rosa Gómez García',      '657 892 345', 'Alcalde Pepe 6, 3ºD',         'Villaumbrales',      'Palencia'),
						('13530623J', 'Encargado',           'Juan López Gómez',       '689 237 585', 'Antonio Machado 40, 3º D',    'Santander',         'Cantabria'),
						('23569782X', 'peón',                'Pedro Trapero Sáiz',     '689 895 623', 'Felipe II 12, 1º A',          'Torrelavega',       'Cantabria'),
						('28569782X', 'peón',                'Ana Martin Martin',      '639 857 412', 'Ercilla 22, 1º A',            'Lugo',                   'Lugo'),
						('43869750K', 'peón',                'Isabel Puig Sáiz',       '689 562 323', 'Camilo José Cela 40, 1º A',   'Unquera',           'Cantabria'),
						('93557223J', 'peón',                'Anabelle West González', '628 818 838', 'Castillo 5, 4º Dcha',         'Valdeomillos',       'Palencia'),
						('93558223J', 'peón',                'Pepito Gómez Saiz',      '675 896 362', 'Juan Ramón Jiménez 45, 3º D', 'Villalobón',         'Palencia'),
						('93582223J', 'peón',                'John Hendrix Pérez',     '623 275 831', 'Plaza Mayor 5, 3º Dcha',      'Cabárceno',         'Cantabria');

-- --------------------------------------------------------

--
-- Volcado de datos para la tabla `plantas`
--

INSERT INTO `plantas` (`idplanta`, `idband`, `porte_actual`) VALUES
					  (         1, '001-04',              0),
					  (         1, '001-05',              0),
					  (         1, '002-01',             17),
					  (         1, '002-02',             17),
					  (         1, '002-03',             17),
					  (         1, '002-04',             18),
					  (         1, '002-05',             18),
					  (         1, '003-01',             39),
					  (         1, '003-02',             39),
					  (         1, '003-03',             39),
					  (         1, '003-04',             40),
					  (         1, '003-05',             40),
					  (         1, '004-01',             25),
					  (         1, '004-02',             25),
					  (         1, '004-03',             25),
					  (         1, '004-04',             27),
					  (         1, '004-05',             27),
					  (         1, '007-04',              0),
					  (         1, '007-05',              0),
					  (         1, '008-04',              0),
					  (         1, '008-05',              0),
					  (         2, '001-05',              0),
					  (         2, '002-01',             17),
					  (         2, '002-02',             17),
					  (         2, '002-03',             17),
					  (         2, '002-04',             18),
					  (         2, '002-05',             18),
					  (         2, '003-01',             39),
					  (         2, '003-02',             39),
					  (         2, '003-03',             39),
					  (         2, '003-04',             40),
					  (         2, '003-05',             40),
					  (         2, '004-01',             25),
					  (         2, '004-02',             25),
					  (         2, '004-03',             25),
					  (         2, '004-04',             27),
					  (         2, '004-05',             27),
					  (         2, '007-05',              0),
					  (         2, '008-05',              0),
					  (         3, '001-05',              0),
					  (         3, '002-01',             17),
					  (         3, '002-02',             17),
					  (         3, '002-03',             17),
					  (         3, '002-04',             18),
					  (         3, '002-05',             18),
					  (         3, '003-01',             39),
					  (         3, '003-02',             39),
					  (         3, '003-03',             39),
					  (         3, '003-04',             40),
					  (         3, '003-05',             40),
					  (         3, '004-01',             25),
					  (         3, '004-02',             25),
					  (         3, '004-03',             25),
					  (         3, '004-04',             27),
					  (         3, '004-05',             27),
					  (         3, '007-05',              0),
					  (         3, '008-05',              0),
					  (         4, '001-05',              0),
					  (         4, '002-01',             17),
					  (         4, '002-02',             17),
					  (         4, '002-03',             17),
					  (         4, '002-04',             18),
					  (         4, '002-05',             18),
					  (         4, '003-01',             39),
					  (         4, '003-02',             39),
					  (         4, '003-03',             39),
					  (         4, '003-04',             40),
					  (         4, '003-05',             40),
					  (         4, '004-01',             25),
					  (         4, '004-02',             25),
					  (         4, '004-03',             25),
					  (         4, '004-04',             27),
					  (         4, '004-05',             27),
					  (         4, '007-05',              0),
					  (         4, '008-05',              0),
					  (         5, '001-05',              0),
					  (         5, '002-01',             17),
					  (         5, '002-02',             17),
					  (         5, '002-03',             17),
					  (         5, '002-04',             18),
					  (         5, '002-05',             18),
					  (         5, '003-01',             39),
					  (         5, '003-02',             39),
					  (         5, '003-03',             39),
					  (         5, '003-04',             40),
					  (         5, '003-05',             40),
					  (         5, '004-01',             25),
					  (         5, '004-02',             25),
					  (         5, '004-03',             25),
					  (         5, '004-04',             27),
					  (         5, '004-05',             27),
					  (         5, '007-05',              0),
					  (         5, '008-05',              0),
					  (         6, '001-05',              0),
					  (         6, '002-01',             17),
					  (         6, '002-02',             17),
					  (         6, '002-03',             17),
					  (         6, '002-04',             18),
					  (         6, '002-05',             18),
					  (         6, '003-01',             39),
					  (         6, '003-02',             39),
					  (         6, '003-03',             39),
					  (         6, '003-04',             40),
					  (         6, '003-05',             40),
					  (         6, '004-01',             25),
					  (         6, '004-02',             25),
					  (         6, '004-03',             25),
					  (         6, '004-04',             27),
					  (         6, '004-05',             27),
					  (         6, '007-05',              0),
					  (         6, '008-05',              0);

-- --------------------------------------------------------

